Date, Mood
1/1/2023, ok
1/2/2023, ok
1/3/2023, ok
1/4/2023, tired
1/5/2023, tired
1/6/2023, ok
1/7/2023, ok
1/8/2023, ok
1/9/2023, amazing
1/10/2023, ok
1/11/2023, ok
1/12/2023, ok
1/13/2023, tired
1/14/2023, ok
1/15/2023, ok
1/16/2023, amazing
1/17/2023, ok
1/18/2023, ok
1/19/2023, ok
1/20/2023, stressed
1/21/2023, ok
1/22/2023, tired
1/23/2023, ok
1/24/2023, tired
1/25/2023, ok
1/26/2023, ok
1/27/2023, tired
1/28/2023, tired
1/29/2023, ok
1/30/2023, ok
1/31/2023, ok
2/1/2023, tired
2/2/2023, ok
2/3/2023, sad
2/4/2023, sad
2/5/2023, ok
2/6/2023, ok
2/7/2023, amazing
2/8/2023, ok
2/9/2023, ok
2/10/2023, ok
2/11/2023, stressed
2/12/2023, ok
2/13/2023, ok
2/14/2023, amazing
2/15/2023, ok
2/16/2023, ok
2/17/2023, ok
2/18/2023, amazing
2/19/2023, amazing
2/20/2023, stressed
2/21/2023, tired
2/22/2023, ok
2/23/2023, ok
2/24/2023, tired
2/25/2023, tired
2/26/2023, sad
2/27/2023, stressed
2/28/2023, stressed
3/1/2023, stressed
3/2/2023, tired
3/3/2023, tired
3/4/2023, amazing
3/5/2023, amazing
3/6/2023, tired
3/7/2023, stressed
3/8/2023, sad
3/9/2023, tired
3/10/2023, ok
3/11/2023, ok
3/12/2023, ok
3/13/2023, tired
3/14/2023, amazing
3/15/2023, amazing
3/16/2023, amazing
3/17/2023, ok
3/18/2023, ok
3/19/2023, amazing
3/20/2023, amazing
3/21/2023, amazing
3/22/2023, sad
3/23/2023, ok
3/24/2023, ok
3/25/2023, stressed
3/26/2023, tired
3/27/2023, tired
3/28/2023, ok
3/29/2023, ok
3/30/2023, ok
3/31/2023, ok
4/1/2023, tired
4/2/2023, tired
4/3/2023, ok
4/4/2023, sad
4/5/2023, stressed
4/6/2023, tired
4/7/2023, tired
4/8/2023, ok
4/9/2023, tired
4/10/2023, amazing
4/11/2023, stressed
4/12/2023, ok
4/13/2023, tired
4/14/2023, ok
4/15/2023, amazing
4/16/2023, tired
4/17/2023, tired
4/18/2023, tired
4/19/2023, ok
4/20/2023, tired
4/21/2023, tired
4/22/2023, ok
4/23/2023, ok
4/24/2023, amazing
4/25/2023, tired
4/26/2023, stressed
4/27/2023, tired
4/28/2023, sad
4/29/2023, tired
4/30/2023, tired
5/1/2023, tired
5/2/2023, tired
5/3/2023, tired
5/4/2023, amazing
5/5/2023, ok
5/6/2023, tired
5/7/2023, amazing
5/8/2023, ok
5/9/2023, amazing
5/10/2023, amazing
5/11/2023, amazing
5/12/2023, ok
5/13/2023, ok
5/14/2023, amazing
5/15/2023, amazing
5/16/2023, amazing
5/17/2023, ok
5/18/2023, amazing
5/19/2023, ok
5/20/2023, ok
5/21/2023, amazing
5/22/2023, ok
5/23/2023, tired
5/24/2023, tired
5/25/2023, sad
5/26/2023, stressed
5/27/2023, tired
5/28/2023, amazing
5/29/2023, ok
5/30/2023, ok
5/31/2023, ok
6/1/2023, sad
6/2/2023, ok
6/3/2023, tired
6/4/2023, ok
6/5/2023, ok
6/6/2023, tired
6/7/2023, ok
6/8/2023, tired
6/9/2023, tired
6/10/2023, ok
6/11/2023, ok
6/12/2023, amazing
6/13/2023, stressed
6/14/2023, stressed
6/15/2023, tired
6/16/2023, ok
6/17/2023, tired
6/18/2023, amazing
6/19/2023, ok
6/20/2023, ok
6/21/2023, tired
6/22/2023, stressed
6/23/2023, ok
6/24/2023, ok
6/25/2023, ok
6/26/2023, amazing
6/27/2023, ok
6/28/2023, tired
6/29/2023, amazing
6/30/2023, amazing
7/1/2023, amazing
7/2/2023, amazing
7/3/2023, amazing
7/4/2023, ok
7/5/2023, ok
7/6/2023, stressed
7/7/2023, stressed
7/8/2023, tired
7/9/2023, ok
7/10/2023, stressed
7/11/2023, ok
7/12/2023, amazing
7/13/2023, amazing
7/14/2023, ok
7/15/2023, tired
7/16/2023, amazing
7/17/2023, amazing
7/18/2023, amazing
7/19/2023, amazing
7/20/2023, amazing
7/21/2023, ok
7/22/2023, ok
7/23/2023, amazing
7/24/2023, ok
7/25/2023, amazing
7/26/2023, amazing
7/27/2023, amazing
7/28/2023, ok
7/29/2023, tired
7/30/2023, amazing
7/31/2023, amazing
8/1/2023, stressed
8/2/2023, tired
8/3/2023, stressed
8/4/2023, ok
8/5/2023, ok
8/6/2023, amazing
8/7/2023, amazing
8/8/2023, ok
8/9/2023, amazing
8/10/2023, stressed
8/11/2023, amazing
8/12/2023, tired
8/13/2023, ok
8/14/2023, amazing
8/15/2023, amazing
8/16/2023, ok
8/17/2023, amazing
8/18/2023, ok
8/19/2023, ok
8/20/2023, ok
8/21/2023, stressed
8/22/2023, ok
8/23/2023, ok
8/24/2023, tired
8/25/2023, ok
8/26/2023, tired
8/27/2023, ok
8/28/2023, ok
8/29/2023, amazing
8/30/2023, tired
8/31/2023, amazing
9/1/2023, amazing
9/2/2023, amazing
9/3/2023, tired
9/4/2023, amazing
9/5/2023, stressed
9/6/2023, tired
9/7/2023, ok
9/8/2023, amazing
9/9/2023, ok
9/10/2023, tired
9/11/2023, tired
9/12/2023, tired
9/13/2023, ok
9/14/2023, amazing
9/15/2023, amazing
9/16/2023, stressed
9/17/2023, stressed
9/18/2023, tired
9/19/2023, tired
9/20/2023, tired
9/21/2023, ok
9/22/2023, ok
9/23/2023, tired
9/24/2023, stressed
9/25/2023, amazing
9/26/2023, ok
9/27/2023, amazing
9/28/2023, stressed
9/29/2023, ok
9/30/2023, ok
10/1/2023, stressed
10/2/2023, tired
10/3/2023, amazing
10/4/2023, amazing
10/5/2023, tired
10/6/2023, ok
10/7/2023, ok
10/8/2023, tired
10/9/2023, amazing
10/10/2023, ok
10/11/2023, amazing
10/12/2023, tired
10/13/2023, ok
10/14/2023, tired
10/15/2023, ok
10/16/2023, stressed
10/17/2023, amazing
10/18/2023, amazing
10/19/2023, ok
10/20/2023, ok
10/21/2023, ok
10/22/2023, tired
10/23/2023, ok
10/24/2023, amazing
10/25/2023, tired
10/26/2023, amazing
10/27/2023, amazing
10/28/2023, amazing
10/29/2023, amazing
10/30/2023, amazing
10/31/2023, ok
11/1/2023, tired
11/2/2023, ok
11/3/2023, ok
11/4/2023, amazing
11/5/2023, ok
11/6/2023, ok
11/7/2023, amazing
11/8/2023, stressed
11/9/2023, ok
11/10/2023, amazing
11/11/2023, stressed
11/12/2023, tired
11/13/2023, ok
11/14/2023, ok
11/15/2023, tired
11/16/2023, stressed
11/17/2023, stressed
11/18/2023, sad
11/19/2023, amazing
11/20/2023, tired
11/21/2023, ok
11/22/2023, sad
11/23/2023, amazing
11/24/2023, ok
11/25/2023, amazing
11/26/2023, stressed
11/27/2023, ok
11/28/2023, ok
11/29/2023, stressed
11/30/2023, tired
12/1/2023, ok
12/2/2023, ok
12/3/2023, ok
12/4/2023, ok
12/5/2023, tired
12/6/2023, amazing
12/7/2023, amazing
12/8/2023, ok
12/9/2023, ok
12/10/2023, ok
12/11/2023, amazing
12/12/2023, amazing
12/13/2023, tired
12/14/2023, ok
12/15/2023, ok
12/16/2023, tired
12/17/2023, ok
12/18/2023, amazing
12/19/2023, tired
12/20/2023, ok
12/21/2023, amazing
12/22/2023, ok
12/23/2023, tired
12/24/2023, amazing
12/25/2023, amazing
12/26/2023, amazing
12/27/2023, amazing
12/28/2023, amazing
12/29/2023, amazing
12/30/2023, amazing
